Round,Seed,Model,Stage,Start_Time,End_Time,Duration_Sec
1,5855,Dummy,Training,2025-12-01 23:34:56.379486,2025-12-01 23:34:56.926242,0.5467395782470703
1,5855,Dummy,Inference,2025-12-01 23:34:56.926256,2025-12-01 23:34:56.946945,0.020682811737060547
1,5855,KNN,Training,2025-12-01 23:35:00.770997,2025-12-01 23:35:02.007963,1.2369494438171387
1,5855,KNN,Inference,2025-12-01 23:35:02.007975,2025-12-02 01:17:01.934625,6119.926638364792
1,5855,DecisionTree,Training,2025-12-02 01:17:06.308159,2025-12-02 01:18:16.070020,69.76184797286987
1,5855,DecisionTree,Inference,2025-12-02 01:18:16.070037,2025-12-02 01:18:16.338901,0.26885461807250977
1,5855,RandomForest,Training,2025-12-02 01:18:20.262490,2025-12-02 01:21:26.007884,185.74537682533264
1,5855,RandomForest,Inference,2025-12-02 01:21:26.007898,2025-12-02 01:21:28.411743,2.403836488723755
1,5855,XGBoost,Training,2025-12-02 01:21:32.809395,2025-12-02 01:26:54.605039,321.79562497138977
1,5855,XGBoost,Inference,2025-12-02 01:26:54.605061,2025-12-02 01:26:56.325775,1.7207057476043701
1,5855,LightGBM,Training,2025-12-02 01:27:01.015180,2025-12-02 01:29:43.665388,162.65019154548645
1,5855,LightGBM,Inference,2025-12-02 01:29:43.665405,2025-12-02 01:29:47.631997,3.966582775115967
1,5855,CatBoost,Training,2025-12-02 01:29:52.054556,2025-12-02 01:43:15.178920,803.1243472099304
1,5855,CatBoost,Inference,2025-12-02 01:43:15.178935,2025-12-02 01:43:18.661120,3.4821770191192627
1,5855,Ensemble_Stacking,Training,2025-12-02 01:43:23.048692,2025-12-02 03:31:53.777376,6510.728665113449
1,5855,Ensemble_Stacking,Inference,2025-12-02 03:31:53.777396,2025-12-02 03:32:05.900124,12.12271785736084
2,5771,Dummy,Training,2025-12-02 03:32:53.770361,2025-12-02 03:32:54.310579,0.5401999950408936
2,5771,Dummy,Inference,2025-12-02 03:32:54.310593,2025-12-02 03:32:54.329052,0.01845264434814453
2,5771,KNN,Training,2025-12-02 03:32:58.144647,2025-12-02 03:32:59.415679,1.2710180282592773
2,5771,KNN,Inference,2025-12-02 03:32:59.415692,2025-12-02 05:16:28.978338,6209.562637329102
2,5771,DecisionTree,Training,2025-12-02 05:16:32.667752,2025-12-02 05:17:30.694279,58.026511430740356
2,5771,DecisionTree,Inference,2025-12-02 05:17:30.694294,2025-12-02 05:17:30.933438,0.2391362190246582
2,5771,RandomForest,Training,2025-12-02 05:17:34.616789,2025-12-02 05:20:43.401792,188.78498792648315
2,5771,RandomForest,Inference,2025-12-02 05:20:43.401806,2025-12-02 05:20:45.691911,2.29009747505188
2,5771,XGBoost,Training,2025-12-02 05:20:50.152938,2025-12-02 05:25:59.326239,309.17328333854675
2,5771,XGBoost,Inference,2025-12-02 05:25:59.326260,2025-12-02 05:26:01.050843,1.7245738506317139
2,5771,LightGBM,Training,2025-12-02 05:26:05.491020,2025-12-02 05:28:50.949281,165.45824480056763
2,5771,LightGBM,Inference,2025-12-02 05:28:50.949297,2025-12-02 05:28:55.171235,4.221928834915161
2,5771,CatBoost,Training,2025-12-02 05:28:59.561099,2025-12-02 05:42:32.834972,813.2738580703735
2,5771,CatBoost,Inference,2025-12-02 05:42:32.834987,2025-12-02 05:42:36.442544,3.6075472831726074
2,5771,Ensemble_Stacking,Training,2025-12-02 05:42:40.701200,2025-12-02 07:32:50.343476,6609.642255783081
2,5771,Ensemble_Stacking,Inference,2025-12-02 07:32:50.343497,2025-12-02 07:33:02.822959,12.479452848434448
3,7128,Dummy,Training,2025-12-02 07:33:48.502769,2025-12-02 07:33:48.997829,0.4950380325317383
3,7128,Dummy,Inference,2025-12-02 07:33:48.997841,2025-12-02 07:33:49.007021,0.009173870086669922
3,7128,KNN,Training,2025-12-02 07:33:52.553764,2025-12-02 07:33:53.731682,1.1779024600982666
3,7128,KNN,Inference,2025-12-02 07:33:53.731697,2025-12-02 09:17:23.637857,6209.906152486801
3,7128,DecisionTree,Training,2025-12-02 09:17:27.356102,2025-12-02 09:18:12.642308,45.28619074821472
3,7128,DecisionTree,Inference,2025-12-02 09:18:12.642323,2025-12-02 09:18:12.926060,0.28372764587402344
3,7128,RandomForest,Training,2025-12-02 09:18:17.018700,2025-12-02 09:21:13.970643,176.95192861557007
3,7128,RandomForest,Inference,2025-12-02 09:21:13.970656,2025-12-02 09:21:16.254029,2.283362865447998
3,7128,XGBoost,Training,2025-12-02 09:21:20.372171,2025-12-02 09:26:30.305919,309.93373370170593
3,7128,XGBoost,Inference,2025-12-02 09:26:30.305934,2025-12-02 09:26:32.023027,1.7170846462249756
3,7128,LightGBM,Training,2025-12-02 09:26:36.540802,2025-12-02 09:29:06.877651,150.33683586120605
3,7128,LightGBM,Inference,2025-12-02 09:29:06.877666,2025-12-02 09:29:11.291471,4.413796663284302
3,7128,CatBoost,Training,2025-12-02 09:29:15.471614,2025-12-02 09:42:41.642972,806.1713440418243
3,7128,CatBoost,Inference,2025-12-02 09:42:41.642984,2025-12-02 09:42:45.206961,3.563969373703003
3,7128,Ensemble_Stacking,Training,2025-12-02 09:42:49.413615,2025-12-02 11:32:30.532904,6581.119271993637
3,7128,Ensemble_Stacking,Inference,2025-12-02 11:32:30.532929,2025-12-02 11:32:42.722989,12.190053224563599
4,3368,Dummy,Training,2025-12-02 11:33:27.861112,2025-12-02 11:33:28.346093,0.48495912551879883
4,3368,Dummy,Inference,2025-12-02 11:33:28.346107,2025-12-02 11:33:28.354864,0.00875091552734375
4,3368,KNN,Training,2025-12-02 11:33:31.873799,2025-12-02 11:33:33.046907,1.1730937957763672
4,3368,KNN,Inference,2025-12-02 11:33:33.046920,2025-12-02 13:15:47.987894,6134.940965652466
4,3368,DecisionTree,Training,2025-12-02 13:15:51.690481,2025-12-02 13:16:45.243720,53.55322289466858
4,3368,DecisionTree,Inference,2025-12-02 13:16:45.243736,2025-12-02 13:16:45.463517,0.21976971626281738
4,3368,RandomForest,Training,2025-12-02 13:16:49.125405,2025-12-02 13:19:58.460423,189.33500289916992
4,3368,RandomForest,Inference,2025-12-02 13:19:58.460437,2025-12-02 13:20:00.844069,2.383625030517578
4,3368,XGBoost,Training,2025-12-02 13:20:04.928032,2025-12-02 13:24:16.174867,251.24681901931763
4,3368,XGBoost,Inference,2025-12-02 13:24:16.174880,2025-12-02 13:24:17.880612,1.7057230472564697
4,3368,LightGBM,Training,2025-12-02 13:24:22.033172,2025-12-02 13:26:42.807367,140.77418088912964
4,3368,LightGBM,Inference,2025-12-02 13:26:42.807382,2025-12-02 13:26:47.142989,4.335598707199097
4,3368,CatBoost,Training,2025-12-02 13:26:51.315886,2025-12-02 13:40:10.762313,799.446412563324
4,3368,CatBoost,Inference,2025-12-02 13:40:10.762328,2025-12-02 13:40:14.943496,4.181161165237427
4,3368,Ensemble_Stacking,Training,2025-12-02 13:40:19.331926,2025-12-02 15:29:09.299590,6529.967643260956
4,3368,Ensemble_Stacking,Inference,2025-12-02 15:29:09.299614,2025-12-02 15:29:21.315348,12.015726089477539
5,7080,Dummy,Training,2025-12-02 15:30:06.123725,2025-12-02 15:30:06.609780,0.48603153228759766
5,7080,Dummy,Inference,2025-12-02 15:30:06.609794,2025-12-02 15:30:06.618593,0.008793354034423828
5,7080,KNN,Training,2025-12-02 15:30:10.120896,2025-12-02 15:30:11.297859,1.1769495010375977
5,7080,KNN,Inference,2025-12-02 15:30:11.297873,2025-12-02 17:14:35.332839,6264.034958124161
5,7080,DecisionTree,Training,2025-12-02 17:14:38.985296,2025-12-02 17:15:36.085324,57.10001230239868
5,7080,DecisionTree,Inference,2025-12-02 17:15:36.085338,2025-12-02 17:15:36.357796,0.2724494934082031
5,7080,RandomForest,Training,2025-12-02 17:15:40.360402,2025-12-02 17:18:46.831466,186.47105073928833
5,7080,RandomForest,Inference,2025-12-02 17:18:46.831479,2025-12-02 17:18:49.095262,2.2637734413146973
5,7080,XGBoost,Training,2025-12-02 17:18:53.637684,2025-12-02 17:23:25.190396,271.55269718170166
5,7080,XGBoost,Inference,2025-12-02 17:23:25.190436,2025-12-02 17:23:26.950571,1.7601265907287598
5,7080,LightGBM,Training,2025-12-02 17:23:31.277165,2025-12-02 17:25:50.072857,138.7956781387329
5,7080,LightGBM,Inference,2025-12-02 17:25:50.072870,2025-12-02 17:25:54.433994,4.361114740371704
5,7080,CatBoost,Training,2025-12-02 17:25:58.715768,2025-12-02 17:39:22.594361,803.8785789012909
5,7080,CatBoost,Inference,2025-12-02 17:39:22.594374,2025-12-02 17:39:26.393894,3.7995107173919678
5,7080,Ensemble_Stacking,Training,2025-12-02 17:39:30.638558,2025-12-02 19:27:32.956643,6482.318064928055
5,7080,Ensemble_Stacking,Inference,2025-12-02 19:27:32.956665,2025-12-02 19:27:45.592489,12.635814428329468
6,5096,Dummy,Training,2025-12-02 19:28:32.707866,2025-12-02 19:28:33.201844,0.4939563274383545
6,5096,Dummy,Inference,2025-12-02 19:28:33.201857,2025-12-02 19:28:33.211709,0.009844303131103516
6,5096,KNN,Training,2025-12-02 19:28:36.768826,2025-12-02 19:28:37.950712,1.1818714141845703
6,5096,KNN,Inference,2025-12-02 19:28:37.950728,2025-12-02 21:12:35.639705,6237.688969373703
6,5096,DecisionTree,Training,2025-12-02 21:12:39.659380,2025-12-02 21:13:40.959367,61.29997110366821
6,5096,DecisionTree,Inference,2025-12-02 21:13:40.959382,2025-12-02 21:13:41.176656,0.21726393699645996
6,5096,RandomForest,Training,2025-12-02 21:13:44.878224,2025-12-02 21:16:39.139337,174.26109838485718
6,5096,RandomForest,Inference,2025-12-02 21:16:39.139351,2025-12-02 21:16:41.356696,2.217336654663086
6,5096,XGBoost,Training,2025-12-02 21:16:45.390911,2025-12-02 21:21:11.782400,266.3914747238159
6,5096,XGBoost,Inference,2025-12-02 21:21:11.782441,2025-12-02 21:21:13.489853,1.7074031829833984
6,5096,LightGBM,Training,2025-12-02 21:21:17.968295,2025-12-02 21:23:38.031616,140.06330633163452
6,5096,LightGBM,Inference,2025-12-02 21:23:38.031629,2025-12-02 21:23:42.392450,4.360811948776245
6,5096,CatBoost,Training,2025-12-02 21:23:46.591796,2025-12-02 21:37:15.817006,809.2251958847046
6,5096,CatBoost,Inference,2025-12-02 21:37:15.817020,2025-12-02 21:37:19.453142,3.636113166809082
6,5096,Ensemble_Stacking,Training,2025-12-02 21:37:23.678475,2025-12-02 23:26:38.428928,6554.750430822372
6,5096,Ensemble_Stacking,Inference,2025-12-02 23:26:38.428952,2025-12-02 23:26:50.824264,12.395302772521973
7,8038,Dummy,Training,2025-12-02 23:27:48.718331,2025-12-02 23:27:49.333757,0.6154048442840576
7,8038,Dummy,Inference,2025-12-02 23:27:49.333772,2025-12-02 23:27:49.347614,0.013837099075317383
7,8038,KNN,Training,2025-12-02 23:27:53.259734,2025-12-02 23:27:54.769165,1.509415626525879
7,8038,KNN,Inference,2025-12-02 23:27:54.769177,2025-12-03 00:52:18.620531,5063.851345777512
7,8038,DecisionTree,Training,2025-12-03 00:52:22.693057,2025-12-03 00:53:21.367347,58.67427396774292
7,8038,DecisionTree,Inference,2025-12-03 00:53:21.367364,2025-12-03 00:53:21.633027,0.2656540870666504
7,8038,RandomForest,Training,2025-12-03 00:53:25.722064,2025-12-03 00:56:39.814191,194.0921115875244
7,8038,RandomForest,Inference,2025-12-03 00:56:39.814204,2025-12-03 00:56:42.176562,2.3623509407043457
7,8038,XGBoost,Training,2025-12-03 00:56:46.801069,2025-12-03 01:00:55.420797,248.61971402168274
7,8038,XGBoost,Inference,2025-12-03 01:00:55.420812,2025-12-03 01:00:56.727191,1.3063726425170898
7,8038,LightGBM,Training,2025-12-03 01:01:01.334256,2025-12-03 01:03:23.304772,141.9705023765564
7,8038,LightGBM,Inference,2025-12-03 01:03:23.304799,2025-12-03 01:03:26.634072,3.3292627334594727
7,8038,CatBoost,Training,2025-12-03 01:03:30.876521,2025-12-03 01:16:49.223961,798.3474259376526
7,8038,CatBoost,Inference,2025-12-03 01:16:49.223980,2025-12-03 01:16:52.644059,3.4200708866119385
7,8038,Ensemble_Stacking,Training,2025-12-03 01:16:56.881886,2025-12-03 03:02:46.746925,6349.865020036697
7,8038,Ensemble_Stacking,Inference,2025-12-03 03:02:46.746950,2025-12-03 03:02:58.121074,11.374115228652954
8,9789,Dummy,Training,2025-12-03 03:03:44.717183,2025-12-03 03:03:45.214399,0.497194766998291
8,9789,Dummy,Inference,2025-12-03 03:03:45.214412,2025-12-03 03:03:45.223143,0.00872492790222168
8,9789,KNN,Training,2025-12-03 03:03:48.807327,2025-12-03 03:03:50.013198,1.2058565616607666
8,9789,KNN,Inference,2025-12-03 03:03:50.013214,2025-12-03 04:28:14.331429,5064.318206071854
8,9789,DecisionTree,Training,2025-12-03 04:28:18.046131,2025-12-03 04:29:33.148870,75.10272264480591
8,9789,DecisionTree,Inference,2025-12-03 04:29:33.148888,2025-12-03 04:29:33.440635,0.29173755645751953
8,9789,RandomForest,Training,2025-12-03 04:29:37.575693,2025-12-03 04:32:38.557594,180.98188400268555
8,9789,RandomForest,Inference,2025-12-03 04:32:38.557608,2025-12-03 04:32:40.885489,2.327873945236206
8,9789,XGBoost,Training,2025-12-03 04:32:45.013567,2025-12-03 04:37:04.693779,259.6801974773407
8,9789,XGBoost,Inference,2025-12-03 04:37:04.693793,2025-12-03 04:37:05.923538,1.2297372817993164
8,9789,LightGBM,Training,2025-12-03 04:37:10.139324,2025-12-03 04:39:31.130173,140.99083399772644
8,9789,LightGBM,Inference,2025-12-03 04:39:31.130186,2025-12-03 04:39:35.232718,4.102522373199463
8,9789,CatBoost,Training,2025-12-03 04:39:39.483623,2025-12-03 04:53:04.398643,804.9150059223175
8,9789,CatBoost,Inference,2025-12-03 04:53:04.398656,2025-12-03 04:53:08.023058,3.624392509460449
8,9789,Ensemble_Stacking,Training,2025-12-03 04:53:12.240156,2025-12-03 06:42:44.650466,6572.410290956497
8,9789,Ensemble_Stacking,Inference,2025-12-03 06:42:44.650714,2025-12-03 06:42:55.174525,10.523801803588867
9,4070,Dummy,Training,2025-12-03 06:43:40.911511,2025-12-03 06:43:41.405334,0.4938035011291504
9,4070,Dummy,Inference,2025-12-03 06:43:41.405350,2025-12-03 06:43:41.414666,0.009311199188232422
9,4070,KNN,Training,2025-12-03 06:43:44.955701,2025-12-03 06:43:46.150257,1.1945405006408691
9,4070,KNN,Inference,2025-12-03 06:43:46.150272,2025-12-03 08:07:53.850489,5047.700209617615
9,4070,DecisionTree,Training,2025-12-03 08:07:57.766376,2025-12-03 08:08:52.233682,54.467291593551636
9,4070,DecisionTree,Inference,2025-12-03 08:08:52.233700,2025-12-03 08:08:52.444539,0.21082806587219238
9,4070,RandomForest,Training,2025-12-03 08:08:56.183498,2025-12-03 08:11:50.128727,173.94521570205688
9,4070,RandomForest,Inference,2025-12-03 08:11:50.128739,2025-12-03 08:11:52.429244,2.3004963397979736
9,4070,XGBoost,Training,2025-12-03 08:11:56.544128,2025-12-03 08:16:32.243765,275.6996212005615
9,4070,XGBoost,Inference,2025-12-03 08:16:32.243778,2025-12-03 08:16:33.649135,1.405348777770996
9,4070,LightGBM,Training,2025-12-03 08:16:38.285945,2025-12-03 08:18:57.485741,139.19978284835815
9,4070,LightGBM,Inference,2025-12-03 08:18:57.485754,2025-12-03 08:19:00.947402,3.4616401195526123
9,4070,CatBoost,Training,2025-12-03 08:19:05.597161,2025-12-03 08:32:39.467585,813.8704097270966
9,4070,CatBoost,Inference,2025-12-03 08:32:39.467597,2025-12-03 08:32:42.892842,3.4252350330352783
9,4070,Ensemble_Stacking,Training,2025-12-03 08:32:47.136061,2025-12-03 10:23:00.789272,6613.653190135956
9,4070,Ensemble_Stacking,Inference,2025-12-03 10:23:00.789301,2025-12-03 10:23:12.593005,11.803695678710938
10,2794,Dummy,Training,2025-12-03 10:24:10.630263,2025-12-03 10:24:11.250497,0.6202101707458496
10,2794,Dummy,Inference,2025-12-03 10:24:11.250511,2025-12-03 10:24:11.263830,0.01331329345703125
10,2794,KNN,Training,2025-12-03 10:24:15.223301,2025-12-03 10:24:16.734534,1.5112195014953613
10,2794,KNN,Inference,2025-12-03 10:24:16.734549,2025-12-03 11:48:39.746533,5063.011975765228
10,2794,DecisionTree,Training,2025-12-03 11:48:43.807559,2025-12-03 11:49:56.435195,72.62762117385864
10,2794,DecisionTree,Inference,2025-12-03 11:49:56.435227,2025-12-03 11:49:56.714814,0.2795555591583252
10,2794,RandomForest,Training,2025-12-03 11:50:00.832233,2025-12-03 11:53:07.326380,186.49413132667542
10,2794,RandomForest,Inference,2025-12-03 11:53:07.326393,2025-12-03 11:53:09.657078,2.330676555633545
10,2794,XGBoost,Training,2025-12-03 11:53:13.758941,2025-12-03 11:57:46.265173,272.5062153339386
10,2794,XGBoost,Inference,2025-12-03 11:57:46.265188,2025-12-03 11:57:47.705971,1.4407753944396973
10,2794,LightGBM,Training,2025-12-03 11:57:52.273188,2025-12-03 12:00:12.237521,139.96432065963745
10,2794,LightGBM,Inference,2025-12-03 12:00:12.237537,2025-12-03 12:00:15.721728,3.4841818809509277
10,2794,CatBoost,Training,2025-12-03 12:00:20.402750,2025-12-03 12:13:48.813777,808.4110136032104
10,2794,CatBoost,Inference,2025-12-03 12:13:48.813794,2025-12-03 12:13:52.304838,3.4910354614257812
10,2794,Ensemble_Stacking,Training,2025-12-03 12:13:56.561164,2025-12-03 14:03:28.337797,6571.776611328125
10,2794,Ensemble_Stacking,Inference,2025-12-03 14:03:28.337820,2025-12-03 14:03:40.047010,11.709181308746338