Iteracao,Seed,Modelo,F1_Score,Accuracy,Precision,Recall,ROC_AUC,Train_Time_sec,Infer_Model_ms_per_1k,Feat_Eng_ms_per_1k,Total_Latency_ms_per_1k
1,5855,Dummy,0.0,0.9814892542809575,0.0,0.0,0.5,0.5467395782470703,0.005179726016986727,134.6299143631973,134.63509408921428
1,5855,KNN,0.6310534670854865,0.9863219227894993,0.6301722858569097,0.6319371161079091,0.9672924449851288,1.2369494438171387,1532.6515385713894,134.6299143631973,1667.2814529345867
1,5855,DecisionTree,0.6832159542570254,0.9874849487807761,0.6427830194305617,0.7290770354736585,0.9948260846007383,69.76184797286987,0.06733094502435988,134.6299143631973,134.697245308221651,5855,RandomForest,0.6856278986342788,0.9877095901059646,0.6510937538019806,0.7240306301918445,0.9951631979256343,185.74537682533264,0.6020078198030356,134.6299143631973,135.231922183000341,5855,XGBoost,0.7273686004644523,0.9871811695974387,0.5998295764007239,0.9237898097789323,0.9951449252497535,321.79562497138977,0.43092711193007477,134.6299143631973,135.06084147512738
1,5855,LightGBM,0.728873817786844,0.9871849261413382,0.5990367615680059,0.930567957355846,0.9952440793569028,162.65019154548645,0.9933761550410731,134.6299143631973,135.62329051823835
1,5855,CatBoost,0.7257171830384546,0.9871298301641459,0.5992631179980785,0.9198122141948751,0.9951288942290891,803.1243472099304,0.8720633892038087,134.6299143631973,135.5019777524011
1,5855,Ensemble_Stacking,0.6993662165885919,0.9879780577766469,0.6510575779482755,0.7554184592905269,0.995263475414092,6510.728665113449,3.035968120806655,134.6299143631973,137.66588248400393
2,5771,Dummy,0.0,0.9814892542809575,0.0,0.0,0.5,0.5401999950408936,0.004621211237011006,134.6299143631973,134.6345355744343
2,5771,KNN,0.6326422907250534,0.986402813701468,0.6327792967163856,0.6325053440484888,0.9672730248736189,1.2710180282592773,1555.099642910225,134.6299143631973,1689.7295572734222
2,5771,DecisionTree,0.6875177063856309,0.9875695962366442,0.6429404076442121,0.7387369104635116,0.9949130538533127,58.026511430740356,0.05988838031467271,134.6299143631973,134.68980274351196
2,5771,RandomForest,0.6811297000532143,0.9876945639303667,0.6545148416063856,0.7100008117542008,0.9951731520233122,188.78498792648315,0.5735234466069592,134.6299143631973,135.203437809804262,5771,XGBoost,0.7290833881834187,0.9873211634667591,0.6030772227091246,0.9216521903834186,0.9951738439319694,309.17328333854675,0.4318958251854014,134.6299143631973,135.06181018838268
2,5771,LightGBM,0.7305179741786165,0.9873447044751958,0.6029048017252762,0.9266580079551912,0.9952625796944321,165.45824480056763,1.0573240672539466,134.6299143631973,135.68723843045123
2,5771,CatBoost,0.7271473739207247,0.9873136503789601,0.6040646841412884,0.9132234759314879,0.9951586040319526,813.2738580703735,0.9034606492441352,134.6299143631973,135.5333750124414
2,5771,Ensemble_Stacking,0.6980885804289713,0.9879510106605707,0.650987781470905,0.7525367318775875,0.9952771522941768,6609.642255783081,3.1253074977697266,134.6299143631973,137.75522186096703
3,7128,Dummy,0.0,0.9814892542809575,0.0,0.0,0.5,0.4950380325317383,0.00229746971390911,134.6299143631973,134.6322118329112
3,7128,KNN,0.63300153759003,0.9863712587327124,0.6310609116579265,0.6349541358876533,0.9672423152319273,1.1779024600982666,1555.1856715615604,134.6299143631973,1689.8155859247577
3,7128,DecisionTree,0.6757977769809969,0.9875455543556876,0.6521306979026434,0.701247395621939,0.9949328176260852,45.28619074821472,0.07105569048132433,134.6299143631973,134.70097005367862
3,7128,RandomForest,0.674060585995696,0.9876722751032299,0.6600874064660035,0.6886381470357442,0.9951557058850284,176.95192861557007,0.5718368561654397,134.6299143631973,135.20175121936273
3,7128,XGBoost,0.7274380613563486,0.9871638894955012,0.5992640294388224,0.9253592012338664,0.9951594603060475,309.93373370170593,0.43002025684366557,134.6299143631973,135.05993462004096
3,7128,LightGBM,0.7290644574447209,0.9872069645322151,0.5995864920744314,0.9298644370484618,0.995236093935184,150.33683586120605,1.1053747285982938,134.6299143631973,135.73528909179558
3,7128,CatBoost,0.7260186881935281,0.9871568772802222,0.5999046467072212,0.9192710447276564,0.9951273761884584,806.1713440418243,0.8925471605794802,134.6299143631973,135.52246152377677
3,7128,Ensemble_Stacking,0.6975771133306027,0.9879808125755065,0.6528703365140774,0.7488567795005006,0.995248801429252,6581.119271993637,3.0528313383322745,134.6299143631973,137.68274570152957
4,3368,Dummy,0.0,0.9814892542809575,0.0,0.0,0.5,0.48495912551879883,0.002191546555936379,134.6299143631973,134.63210590975322
4,3368,KNN,0.6313742437337942,0.9863281836959984,0.6302337494270848,0.6325188732851692,0.9673408771981999,1.1730937957763672,1536.4116705432027,134.6299143631973,1671.0415849064
4,3368,DecisionTree,0.6815208687017522,0.9875500622083669,0.6472420632506297,0.719633628270693,0.9949113137296474,53.55322289466858,0.05503830579439819,134.6299143631973,134.68495266899168
4,3368,RandomForest,0.6828891463885669,0.9876635098341311,0.651388991231302,0.7175907135319425,0.9951466107592716,189.33500289916992,0.5969461378014447,134.6299143631973,135.22686050099873
4,3368,XGBoost,0.727006287967601,0.9871701504020003,0.5997133965150423,0.9228968801580215,0.9951040203768657,251.24681901931763,0.42717490049077234,134.6299143631973,135.05708926368806
4,3368,LightGBM,0.7286765017592947,0.9871771626172793,0.5989215839997213,0.9302026679654734,0.9952286071400633,140.77418088912964,1.0857911249394185,134.6299143631973,135.7157054881367
4,3368,CatBoost,0.7251456352265913,0.987144105030964,0.600040760628777,0.9161593202911492,0.995097559710137,799.446412563324,1.0471143645323722,134.6299143631973,135.67702872772966
4,3368,Ensemble_Stacking,0.6986630915537958,0.9879540158956903,0.6505927101320763,0.7544037665394918,0.9952470596485723,6529.967643260956,3.009173502610933,134.6299143631973,137.63908786580822
5,7080,Dummy,0.0,0.9814892542809575,0.0,0.0,0.5,0.48603153228759766,0.002202174696928006,134.6299143631973,134.6321165378942
5,7080,KNN,0.6304933342356365,0.9863256793333988,0.6307409012131716,0.6302459615228508,0.9670362845951096,1.1769495010375977,1568.7414872017455,134.6299143631973,1703.3714015649427
5,7080,DecisionTree,0.6918711060989813,0.9874779365654971,0.635317285166197,0.7594772302946667,0.9947155217326159,57.10001230239868,0.06823123215847084,134.6299143631973,134.69814559535575
5,7080,RandomForest,0.6769594483664423,0.9876807899360687,0.6577506667857735,0.6973239169846037,0.9951516351710954,186.47105073928833,0.5669309540506304,134.6299143631973,135.196845317247925,7080,XGBoost,0.7281327402988255,0.9872179837276536,0.6004867291624568,0.9246962686365235,0.9951836203476851,271.55269718170166,0.44079952044680826,134.6299143631973,135.0707138836441
5,7080,LightGBM,0.7291665560646199,0.9872239941978928,0.6000401925748586,0.9291067997943556,0.9952400668248758,138.7956781387329,1.0921812648563058,134.6299143631973,135.72209562805358
5,7080,CatBoost,0.725917756589056,0.987178915671099,0.6006396569595918,0.917228129988906,0.9951235241019953,803.8785789012909,0.9515352537600419,134.6299143631973,135.58144961695731
5,7080,Ensemble_Stacking,0.7000018734660997,0.9879692925075482,0.6500574132711646,0.7582595989934248,0.9952452669233409,6482.318064928055,3.1644661070408318,134.6299143631973,137.7943804702381
6,5096,Dummy,0.0,0.9814892542809575,0.0,0.0,0.5,0.4939563274383545,0.0024653704581139133,134.6299143631973,134.6323797336554
6,5096,KNN,0.633233957020869,0.9863822779281508,0.631402668675347,0.6350758990177774,0.9665793412782753,1.1818714141845703,1562.1434963140046,134.6299143631973,1696.7734106772018
6,5096,DecisionTree,0.6833704480801163,0.9876795377547688,0.6517186349128407,0.7182536461292854,0.9948610261337746,61.29997110366821,0.05441076780663415,134.6299143631973,134.684325131003936,5096,RandomForest,0.6863244564518203,0.9877877262190736,0.6542074411988326,0.7217577184295262,0.9952060379993453,174.26109838485718,0.5553014988768149,134.6299143631973,135.1852158620741
6,5096,XGBoost,0.7284699654751041,0.9872565509116882,0.6014609602862002,0.9234786373352816,0.9951685328377274,266.3914747238159,0.4275956673984577,134.6299143631973,135.05751003059575
6,5096,LightGBM,0.7299295699725514,0.9872853510815841,0.6014429230148851,0.9282273994101253,0.9952752074999326,140.06330633163452,1.0921054348615902,134.6299143631973,135.72201979805888
6,5096,CatBoost,0.7271619063913513,0.9872202376539932,0.6011492220650636,0.9200151527450822,0.9951583985518534,809.2251958847046,0.9106145823046452,134.6299143631973,135.54052894550193
6,5096,Ensemble_Stacking,0.701986507447067,0.9880188788870212,0.6505039310082084,0.7623183699975647,0.9952854936218016,6554.750430822372,3.104233267482447,134.6299143631973,137.73414763067973
7,8038,Dummy,0.0,0.9814892542809575,0.0,0.0,0.5,0.6154048442840576,0.0034653113411856912,134.6299143631973,134.63337967453847
7,8038,KNN,0.6329845258777422,0.9863502220868753,0.6301077863577863,0.6358876532186054,0.9674324178884635,1.509415626525879,1268.171992054537,134.6299143631973,1402.8019064177342
7,8038,DecisionTree,0.6954146554178048,0.9874053100501072,0.6295134815074727,0.7767270070622615,0.99478862436664,58.67427396774292,0.06652941600935088,134.6299143631973,134.69644377920665
7,8038,RandomForest,0.6817623560134969,0.9876705220494101,0.6527578353220775,0.7134642963444002,0.9951201678252064,194.0921115875244,0.5916183343144622,134.6299143631973,135.22153269751175
7,8038,XGBoost,0.7264575423724302,0.9871348388893453,0.5989726478465118,0.922883350921341,0.9951117791881041,248.61971402168274,0.3271630787123895,134.6299143631973,134.9570774419097
7,8038,LightGBM,0.7278850137571308,0.9871701504020003,0.5991849727158248,0.9269962388722028,0.9952214356384699,141.9705023765564,0.8337681074079728,134.6299143631973,135.46368247060525
7,8038,CatBoost,0.7247238013514962,0.9871456076485238,0.6003411938229701,0.9141164055523987,0.995106181135275,798.3474259376526,0.8565097616577925,134.6299143631973,135.4864241248551
7,8038,Ensemble_Stacking,0.6983286281759812,0.9879039286436974,0.6485834280808409,0.7563384473847985,0.9952343897877102,6349.865020036697,2.84849087827319,134.6299143631973,137.47840524147048
8,9789,Dummy,0.0,0.9814892542809575,0.0,0.0,0.5,0.497194766998291,0.0021850383122954385,134.6299143631973,134.63209940150958
8,9789,KNN,0.6307680842270716,0.9863514742681752,0.631739655570182,0.6297994967123954,0.9666596646789919,1.2058565616607666,1268.288910800578,134.6299143631973,1402.9188251637752
8,9789,DecisionTree,0.690453837982064,0.9874486355230812,0.6352137645748573,0.7562166842546744,0.9948160086175942,75.10272264480591,0.07306166253050803,134.6299143631973,134.7029760257278
8,9789,RandomForest,0.6817873237342161,0.9876742785933096,0.652916919495251,0.7133290039775956,0.9951542097376959,180.98188400268555,0.582984044514596,134.6299143631973,135.2128984077119
8,9789,XGBoost,0.7271262749114497,0.9871891835577576,0.6002201673271687,0.9220851259571935,0.99517469915317,259.6801974773407,0.30797080559317236,134.6299143631973,134.93788516879047
8,9789,LightGBM,0.7289294091425296,0.987207715840995,0.5996908944849988,0.9291744459777579,0.9952427655639668,140.99083399772644,1.0274203595662301,134.6299143631973,135.65733472276352
8,9789,CatBoost,0.7253243638049344,0.9872385195009707,0.6028511778357213,0.9102470438617853,0.9951309420775252,804.9150059223175,0.9076793047139239,134.6299143631973,135.5375936679112
8,9789,Ensemble_Stacking,0.6962681366026738,0.9879945865698045,0.6547738214404881,0.7433774386449117,0.9952623323419331,6572.410290956497,2.635541564302231,134.6299143631973,137.26545592749952
9,4070,Dummy,0.0,0.9814892542809575,0.0,0.0,0.5,0.4938035011291504,0.002331861900488757,134.6299143631973,134.6322462250978
9,4070,KNN,0.6353699570468169,0.9864576592424003,0.6333499132913009,0.6374029277268176,0.9680682478927204,1.1945405006408691,1264.127161920469,134.6299143631973,1398.7570762836663
9,4070,DecisionTree,0.702417144878783,0.9875715997267239,0.630781988734882,0.7924073923749222,0.9948004532945958,54.467291593551636,0.05279899231265674,134.6299143631973,134.68271335550995
9,4070,RandomForest,0.6869635606722516,0.9877972427969522,0.6540701230701476,0.7233406391211408,0.9951805481279825,173.94521570205688,0.5761276994018515,134.6299143631973,135.206042062599129,4070,XGBoost,0.7294682639203863,0.9873031320560416,0.6022768325241649,0.9247639148199258,0.9952008621485191,275.6996212005615,0.35195029185115373,134.6299143631973,134.98186465504844
9,4070,LightGBM,0.7308904084115674,0.98731515299652,0.601760233764643,0.9305814865925265,0.9952693517468968,139.19978284835815,0.8669202048850628,134.6299143631973,135.49683456808236
9,4070,CatBoost,0.7271697185432233,0.9872162306738338,0.6010213457732542,0.9203398544254133,0.9951589065992665,813.8704097270966,0.8578030511739646,134.6299143631973,135.48771741437125
9,4070,Ensemble_Stacking,0.699462608608307,0.9880111153629623,0.6525171597910371,0.7536867169954271,0.9952866171739896,6613.653190135956,2.9560733995397324,134.6299143631973,137.585987762737
10,2794,Dummy,0.0,0.9814892542809575,0.0,0.0,0.5,0.6202101707458496,0.0033341314211935316,134.6299143631973,134.63324849461847
10,2794,KNN,0.6311746001741748,0.9863179158093399,0.6299031167046205,0.6324512271017669,0.9662662055543173,1.5112195014953613,1267.961783367934,134.6299143631973,1402.5916977311313
10,2794,DecisionTree,0.6780137434343042,0.987549561335847,0.6503286244983661,0.7081608355656573,0.9947873782592761,72.62762117385864,0.07001084868799577,134.6299143631973,134.6999252118852710,2794,RandomForest,0.6853558151032804,0.987727871952942,0.6522174832268077,0.722041832399816,0.9951700155183687,186.49413132667542,0.583685919780644,134.6299143631973,135.21360028297792
10,2794,XGBoost,0.7278742850466544,0.9871673956031407,0.5991082746863662,0.927145060475688,0.9951512418166717,272.5062153339386,0.36082240123287196,134.6299143631973,134.99073676443015
10,2794,LightGBM,0.7289758204073856,0.9871744078184197,0.5986596782184672,0.9318126471304489,0.9952472861382289,139.96432065963745,0.8725654793026772,134.6299143631973,135.50247984249995
10,2794,CatBoost,0.7260305363851954,0.9871253223114665,0.5989396030985396,0.9215845442000162,0.9951357242252641,808.4110136032104,0.8742818643641678,134.6299143631973,135.50419622756147
10,2794,Ensemble_Stacking,0.7003049695030498,0.9879900787171252,0.6507398202132355,0.7580431312065373,0.9952642187730354,6571.776611328125,2.932403574212863,134.6299143631973,137.56231793741014